date,Baseline,Enhanced
2021-01-01,100000.0,100000.0
2021-01-04,100000.0,100000.0
2021-01-05,100000.0,100000.0
2021-01-06,100000.0,100000.0
2021-01-07,100000.0,100000.0
2021-01-08,100000.0,100000.0
2021-01-11,100000.0,100000.0
2021-01-12,100000.0,100000.0
2021-01-13,100000.0,100000.0
2021-01-14,100000.0,100000.0
2021-01-15,100000.0,100000.0
2021-01-18,100000.0,100000.0
2021-01-19,100000.0,100000.0
2021-01-20,100000.0,100000.0
2021-01-21,100000.0,100000.0
2021-01-22,100000.0,100000.0
2021-01-25,100000.0,100000.0
2021-01-26,100000.0,100000.0
2021-01-27,100000.0,100000.0
2021-01-28,100000.0,100000.0
2021-01-29,100000.0,100000.0
2021-02-01,100000.0,100000.0
2021-02-02,100000.0,100000.0
2021-02-03,100000.0,100000.0
2021-02-04,100000.0,100000.0
2021-02-05,100000.0,100000.0
2021-02-08,100000.0,100000.0
2021-02-09,100000.0,100000.0
2021-02-10,100000.0,100000.0
2021-02-11,100000.0,100000.0
2021-02-12,100000.0,100000.0
2021-02-15,100000.0,100000.0
2021-02-16,100000.0,100000.0
2021-02-17,100000.0,100000.0
2021-02-18,100000.0,100000.0
2021-02-19,100000.0,100000.0
2021-02-22,100000.0,100000.0
2021-02-23,100000.0,100000.0
2021-02-24,100000.0,100000.0
2021-02-25,100000.0,100000.0
2021-02-26,100000.0,100000.0
2021-03-01,100000.0,100000.0
2021-03-02,100000.0,100000.0
2021-03-03,100000.0,100000.0
2021-03-04,100000.0,100000.0
2021-03-05,100000.0,100000.0
2021-03-08,100000.0,100000.0
2021-03-09,100000.0,100000.0
2021-03-10,100000.0,100000.0
2021-03-11,100000.0,100000.0
2021-03-12,100000.0,100000.0
2021-03-15,100000.0,100000.0
2021-03-16,100000.0,100000.0
2021-03-17,100000.0,100000.0
2021-03-18,100000.0,100000.0
2021-03-19,100000.0,100000.0
2021-03-22,100000.0,100000.0
2021-03-23,100000.0,100000.0
2021-03-24,100000.0,100000.0
2021-03-25,100000.0,100000.0
2021-03-26,100000.0,100000.0
2021-03-29,100000.0,100000.0
2021-03-30,100000.0,100000.0
2021-03-31,100000.0,100000.0
2021-04-01,100534.53893275179,100534.5389327518
2021-04-02,100781.0181043604,100781.01810436041
2021-04-05,100844.67550386931,100844.67550386932
2021-04-06,101360.28237111136,101360.28237111137
2021-04-07,100816.0934445409,100816.0934445409
2021-04-08,100934.44471767155,100934.44471767155
2021-04-09,100403.23591524866,100403.23591524866
2021-04-12,100605.03361627489,100605.03361627489
2021-04-13,100883.07762466256,100883.07762466258
2021-04-14,100711.3248343843,100711.3248343843
2021-04-15,101473.15564190724,101473.15564190724
2021-04-16,100102.22599522401,100102.22599522403
2021-04-19,100152.8716510325,100152.8716510325
2021-04-20,98631.72578669556,98631.72578669558
2021-04-21,98674.98624367658,98674.98624367658
2021-04-22,99103.23262773322,99103.23262773323
2021-04-23,100120.170072743,100120.170072743
2021-04-26,100844.31276405888,100844.31276405886
2021-04-27,101346.02733468999,101346.02733469
2021-04-28,102382.42839040128,102382.42839040131
2021-04-29,101998.06364077196,101998.06364077197
2021-04-30,101040.10407847188,101040.1040784719
2021-05-03,101159.15455551744,101159.15455551745
2021-05-04,100802.77007066653,100802.77007066652
2021-05-05,99770.28950760885,99770.28950760883
2021-05-06,100439.2667054028,100439.26670540278
2021-05-07,100902.02210870563,100902.02210870566
2021-05-10,100500.81194449322,100500.81194449324
2021-05-11,100891.0398480584,100891.03984805837
2021-05-12,99899.1759981048,99899.17599810481
2021-05-13,99921.4850291513,99921.4850291513
2021-05-14,99436.9223878796,99436.92238787962
2021-05-17,99213.00375882602,99213.00375882602
2021-05-18,99638.13900769629,99638.1390076963
2021-05-19,99920.5203778894,99920.5203778894
2021-05-20,100340.49245769512,100340.49245769513
2021-05-21,100473.30111654151,100473.30111654151
2021-05-24,101333.64843878259,101333.64843878259
2021-05-25,102157.77907000121,102157.77907000123
2021-05-26,102239.17970982798,102239.179709828
2021-05-27,102684.59766537319,102684.59766537319
2021-05-28,102599.27808715262,102599.2780871526
2021-05-31,103567.48892351429,103567.48892351429
2021-06-01,104018.19084939339,104544.91333140679
2021-06-02,102514.83978312029,103617.93693825885
2021-06-03,103467.09820194147,104568.00361136241
2021-06-04,104195.94564560209,105802.22039882836
2021-06-07,104649.35671237993,105999.50682601922
2021-06-08,105371.46438323057,106946.1853944115
2021-06-09,104777.50084116834,105458.30231367055
2021-06-10,105460.82778461439,105588.5731017827
2021-06-11,104855.6630515858,105499.10332313752
2021-06-14,105530.24611377792,106045.8698287751
2021-06-15,105551.59887038897,106086.57802934507
2021-06-16,105464.32798255191,105388.61944634537
2021-06-17,105303.18252478309,106112.61932956702
2021-06-18,104029.58971336167,105459.22283411463
2021-06-21,104008.22748801706,105163.2775411917
2021-06-22,103341.25805269743,104221.88045960688
2021-06-23,103886.14333004427,105236.63153701638
2021-06-24,104137.59743082935,106733.35679903557
2021-06-25,104389.2629795876,107593.55215356895
2021-06-28,104515.14429712818,108771.76432762369
2021-06-29,103807.91128431767,107516.38304010683
2021-06-30,103933.76485901233,107045.55383636293
2021-07-01,103986.40568261502,107065.61134959353
2021-07-02,103930.59929229008,107002.09230373344
2021-07-05,104945.58483456154,108032.74141198359
2021-07-06,105734.204177317,108828.39078340335
2021-07-07,105261.31343603216,108377.98637328038
2021-07-08,105018.04558551946,108151.97609740583
2021-07-09,105674.53521095989,108798.25728134223
2021-07-12,105851.73971800556,108975.86699367952
2021-07-13,107031.03519439235,110178.44138654972
2021-07-14,106184.77033930292,109317.13530051327
2021-07-15,104999.10472637533,108129.38872154991
2021-07-16,105258.61243668936,108425.9777005652
2021-07-19,104595.70399162652,107741.81800459103
2021-07-20,104595.92969161639,107721.72289909855
2021-07-21,105266.80507827444,108412.16085407622
2021-07-22,104918.86281443248,108049.5093116525
2021-07-23,104737.47272758273,107855.59674624153
2021-07-26,104990.09734467728,108111.80423416963
2021-07-27,105586.93562930504,108726.23491985626
2021-07-28,105664.82441998101,108807.86125687064
2021-07-29,105825.41698206583,108974.9515724208
2021-07-30,105709.20481961624,108865.43778435384
2021-08-02,106541.2466568586,109700.46278308649
2021-08-03,105328.941558511,108456.98989096377
2021-08-04,105038.14274420773,108171.79429176693
2021-08-05,106165.68250430742,109299.45521193085
2021-08-06,106405.47126320668,109559.48220558373
2021-08-09,107941.21068094701,111105.42202819431
2021-08-10,108040.33734797649,111189.15857798205
2021-08-11,110217.88119661588,113415.76833569666
2021-08-12,109644.02879111057,112824.2492716667
2021-08-13,108961.16288122634,112170.04712185796
2021-08-16,109185.2210851082,112390.29256282505
2021-08-17,110030.3159648728,113250.97112584769
2021-08-18,110856.25295870841,114083.10280747034
2021-08-19,110319.39607635108,113528.07706169932
2021-08-20,111051.76580705635,114268.31921912322
2021-08-23,112241.41925422059,115477.86173623959
2021-08-24,112022.4665970969,115264.07170651249
2021-08-25,110942.86939835694,114164.36561278405
2021-08-26,109709.22872393532,112894.21302404697
2021-08-27,109432.67682209291,112614.95781574171
2021-08-30,111073.37357368763,114300.22042767829
2021-08-31,111163.88450311,114413.3187373158
2021-09-01,111034.99978811675,114285.41866784374
2021-09-02,111855.70193151031,115107.50418227927
2021-09-03,111076.02402887522,114312.27953758466
2021-09-06,109559.48634029321,112749.54929445096
2021-09-07,109299.37898170983,112485.29895243376
2021-09-08,109210.50536702393,112385.49096157942
2021-09-09,108845.66794328405,112015.340329024
2021-09-10,108376.07393935048,111547.87397277202
2021-09-13,107502.4679333595,110665.7440365589
2021-09-14,107010.45232340299,110175.35550636347
2021-09-15,107044.19255003367,110211.54932806901
2021-09-16,106738.07483633705,109885.82861397802
2021-09-17,106079.26568508145,109198.5547864964
2021-09-20,105331.12248380009,108438.78312021865
2021-09-21,105827.46051098665,108944.61366048889
2021-09-22,106216.07782065739,109320.94589738827
2021-09-23,106776.52391843862,109893.594206001
2021-09-24,106981.06582156455,110116.91710642463
2021-09-27,107442.57735635471,110566.01972088043
2021-09-28,107844.34627640802,110998.2961128984
2021-09-29,108737.02956017118,111923.872484443
2021-09-30,109285.67570199925,112481.61920465593
2021-10-01,108663.29018534189,111835.4205351632
2021-10-04,107497.90448495912,110640.30322284425
2021-10-05,106370.47912882056,109490.94967299627
2021-10-06,106612.82379423265,109739.66237713494
2021-10-07,107325.55997378979,110471.77041743991
2021-10-08,107181.66062869337,110337.07614128524
2021-10-11,108157.18812153542,111335.71707268711
2021-10-12,108507.65201176464,111699.44484700848
2021-10-13,108312.01447473528,111512.9024713287
2021-10-14,110339.5987939885,113578.5410672666
2021-10-15,110732.42693011332,113983.17312551866
2021-10-18,111238.6907531413,114512.80563725409
2021-10-19,110890.52744917931,114159.56392117192
2021-10-20,110871.97125452073,114141.66844372783
2021-10-21,109245.35349177671,112497.10391426095
2021-10-22,108605.9455510219,111842.74549453627
2021-10-25,108897.56092697586,112145.0282074501
2021-10-26,110042.93651332526,113300.92499156408
2021-10-27,110453.97926549565,113719.3765305331
2021-10-28,109273.69938552278,112509.70982964119
2021-10-29,110040.48966148362,113301.29167219314
2021-11-01,111695.51704942074,114985.62586844231
2021-11-02,112613.55034667502,115917.16691302665
2021-11-03,112291.34490902086,115587.43876372758
2021-11-04,113547.2976149328,116880.91040041266
2021-11-05,113670.4885314144,117012.09987607803
2021-11-08,114146.05292536394,117502.79048566487
2021-11-09,114998.10678535467,118381.42216608093
2021-11-10,114232.44255856294,117618.30245760187
2021-11-11,113891.92163723349,117264.03508961218
2021-11-12,114304.19344888694,117687.96194801683
2021-11-15,114728.99015587772,118123.6379155994
2021-11-16,115188.89483055237,118576.68215009476
2021-11-17,113552.8981829321,116900.42965190246
2021-11-18,113573.99703256339,116924.06274485114
2021-11-19,113904.43664741774,117256.06281996987
2021-11-22,115242.19696518529,118626.92683252243
2021-11-23,116220.55953017564,119620.56510255336
2021-11-24,118520.5228944904,121979.48090305252
2021-11-25,117261.9886235015,120688.73104751346
2021-11-26,117013.98225969187,120436.10150018259
2021-11-29,117037.66877037843,120457.91482591178
2021-11-30,116201.23048208895,119621.34094254696
2021-12-01,116949.65835718968,120392.94277353927
2021-12-02,118380.15493897142,121864.99925461244
2021-12-03,117213.23975577859,120665.0450594724
2021-12-06,117458.34184854799,120916.55016401036
2021-12-07,117304.7587764966,120761.65529929753
2021-12-08,116948.5359527494,120395.92853515974
2021-12-09,115513.8867959923,118921.7211201408
2021-12-10,114746.66684506898,118134.738227154
2021-12-13,115107.45688100654,118504.3974810116
2021-12-14,115446.7842273667,118851.5691963993
2021-12-15,115806.98446257605,119222.45703915339
2021-12-16,115398.8155442551,118802.31040085794
2021-12-17,115758.99336850058,119177.3725823151
2021-12-20,113940.74532252472,117305.324193443
2021-12-21,112676.1545630788,116004.49867995722
2021-12-22,113114.41217012735,116455.38311952403
2021-12-23,112863.20543817151,116196.53675108044
2021-12-24,112916.03954270924,116252.59494297691
2021-12-27,112610.42210362706,115938.49180634659
2021-12-28,112840.68322670544,116178.98851922304
2021-12-29,111386.50397875933,114682.62507342637
2021-12-30,111119.22103874935,114408.62258393219
2021-12-31,110733.65231520822,114013.33475117788
2022-01-03,111230.1925044157,114526.67317627968
2022-01-04,111467.26722893343,114770.78389629698
2022-01-05,111047.57420578835,114338.59258743364
2022-01-06,111046.97566416994,114335.63432147587
2022-01-07,110975.33768170788,114260.69610324947
2022-01-10,110533.53341473681,113808.5109325976
2022-01-11,109449.87768765482,112694.44842561311
2022-01-12,110321.47952980071,113592.86690485175
2022-01-13,109402.55626048592,112648.18006844755
2022-01-14,108090.1031802101,111301.07588965063
2022-01-17,107838.99547083111,111040.20304968268
2022-01-18,108258.72636872769,111471.34140071485
2022-01-19,109288.78768169925,112532.36116458639
2022-01-20,109340.49505406141,112586.92288078705
2022-01-21,108857.22170463088,112088.21630866698
2022-01-24,109123.56516908396,112363.18463644116
2022-01-25,109403.1164163692,112651.17526244698
2022-01-26,109966.20218206197,113233.27180447531
2022-01-27,108967.47490459423,112201.76722109127
2022-01-28,109505.36118693328,112758.54826327846
2022-01-31,110029.06644842491,113295.58466658999
2022-02-01,108098.83980139918,111715.00867567533
2022-02-02,107470.31559724963,111447.09394550504
2022-02-03,105973.2766994329,110488.50345665378
2022-02-04,105895.42796381812,110347.21739540462
2022-02-07,106739.38398772478,111070.51109807123
2022-02-08,106619.56403515219,111039.2002614776
2022-02-09,107549.09924462586,112103.04216911853
2022-02-10,107009.54698658458,111607.43947554256
2022-02-11,107260.93110672265,111845.66153888364
2022-02-14,107768.63408567196,112426.64202482933
2022-02-15,107936.33562881405,112570.98262791563
2022-02-16,107282.14160766477,112300.87586019284
2022-02-17,107832.1761326074,113005.59295033805
2022-02-18,108926.56870476724,114336.50040425257
2022-02-21,108676.05828136292,114262.9228308642
2022-02-22,107732.9979503603,113308.72038602093
2022-02-23,106836.32329361142,112330.72255294006
2022-02-24,107989.50999749865,113510.07677489323
2022-02-25,108615.14194339953,114657.8291126279
2022-02-28,109210.33819226487,115271.68243632065
2022-03-01,109520.93828110064,115665.52207098008
2022-03-02,109310.27286556773,115431.92716489153
2022-03-03,109125.88860041907,115219.18103833473
2022-03-04,108533.18835792277,114580.81808968159
2022-03-07,108091.69698207031,114113.55724481572
2022-03-08,108176.2092729133,114197.20019817048
2022-03-09,107478.39068029568,113469.05778002873
2022-03-10,109761.77721462224,115840.59780823927
2022-03-11,110513.09612183287,116612.307584263
2022-03-14,110050.97940580267,116130.2596243223
2022-03-15,110617.61349779411,116737.50130959641
2022-03-16,108512.2721900529,114553.80583727361
2022-03-17,109477.56516890906,115541.1354134111
2022-03-18,107993.63817948478,114002.40268729825
2022-03-21,106575.37301004435,112503.55992724831
2022-03-22,107962.73683076185,113972.4366501559
2022-03-23,108835.02368319967,114898.72269363291
2022-03-24,108460.15795459622,114476.31341052908
2022-03-25,108138.53144100499,114172.22869546482
2022-03-28,108822.08153068332,114894.0031301718
2022-03-29,108030.65892976435,114073.06772973253
2022-03-30,108012.56820995107,114075.73774023037
2022-03-31,107543.46773510941,113581.98987739616
2022-04-01,106831.12970596245,112343.59979330697
2022-04-04,107077.69381615103,112849.45062402554
2022-04-05,106580.80493988981,112020.45211757871
2022-04-06,106493.97029993751,111958.56506647522
2022-04-07,107435.80804336694,112404.55254271576
2022-04-08,107228.58654662965,112656.44484425905
2022-04-11,107379.18096636108,113208.80711353692
2022-04-12,108108.72372611276,113699.77361473013
2022-04-13,107172.29458067611,113004.02022510486
2022-04-14,107464.29096211154,113467.44391423075
2022-04-15,106475.52418624284,112863.33757181757
2022-04-18,105557.65049320892,112007.37989158853
2022-04-19,105639.22790665577,111692.3797140546
2022-04-20,104935.69415196737,111613.68513072093
2022-04-21,104279.55731513195,110495.55353588799
2022-04-22,104710.58447410024,110499.56624150448
2022-04-25,105814.87382568853,111329.96107856648
2022-04-26,105829.85011354559,111016.52779977364
2022-04-27,106587.76049889546,112276.0479377746
2022-04-28,106922.2096091574,113271.64484624362
2022-04-29,106463.26993107816,112779.763967409
2022-05-02,106465.03923227759,112878.53889266074
2022-05-03,108116.42427103268,114289.48458872821
2022-05-04,109101.58477886536,115059.98318441154
2022-05-05,108478.4823211967,114371.30734760643
2022-05-06,108767.4357447154,114702.8479564185
2022-05-09,107704.99208607478,113698.00018799784
2022-05-10,109167.6247103425,114752.01200103959
2022-05-11,108208.48996385603,114178.189826452
2022-05-12,108925.69044418068,114995.92827491544
2022-05-13,110114.08826068256,115959.88964780148
2022-05-16,109151.31648997021,115479.66863244264
2022-05-17,110027.08757088771,116843.1623872752
2022-05-18,108610.76547957846,114975.15384255118
2022-05-19,109095.33549225779,114678.85689626033
2022-05-20,108550.29140694338,114766.46972119831
2022-05-23,109524.20332404731,115706.33649549042
2022-05-24,110333.53713275104,117282.04632225723
2022-05-25,110147.55929545953,116566.87910503501
2022-05-26,110974.76774974399,117348.57911013589
2022-05-27,110175.21565786694,116644.04767407587
2022-05-30,110097.57577162636,116374.76340988648
2022-05-31,111133.9128061147,118258.44305320737
2022-06-01,109454.2742585987,116479.21611623213
2022-06-02,110594.8608097993,117689.03860694141
2022-06-03,109705.0865747304,116742.64197492399
2022-06-06,110333.19357060535,117420.24621023267
2022-06-07,110071.97585726563,117127.90122329301
2022-06-08,110040.07049431547,117090.1591818726
2022-06-09,110847.73871050758,117934.59231787009
2022-06-10,110811.43809355266,117889.75060111514
2022-06-13,109842.20380311253,116839.90062454806
2022-06-14,109529.12752784908,116521.67189056601
2022-06-15,110121.66850818545,117153.4506562697
2022-06-16,111147.07245207795,118278.13716672256
2022-06-17,111603.31961912727,118771.20252830844
2022-06-20,111209.77313816863,118357.63932745479
2022-06-21,111250.7670145493,118415.9307421344
2022-06-22,111007.13909935486,118130.6793242646
2022-06-23,110499.70998094023,117583.09545839092
2022-06-24,110546.25696202132,117615.38994459431
2022-06-27,109680.80793707546,116662.76596492952
2022-06-28,110522.43027849865,117575.23479742499
2022-06-29,111525.73176401391,118674.55353753034
2022-06-30,111473.09819278517,118600.73560462704
2022-07-01,111178.20143282115,118322.22664356208
2022-07-04,111475.63046615424,118657.25747238459
2022-07-05,112916.60284972077,120197.49768378891
2022-07-06,113578.65851362172,120898.99578840187
2022-07-07,113114.3826253266,120407.84001475797
2022-07-08,113585.6496598685,120915.30110126638
2022-07-11,113514.84797482585,120847.97702606098
2022-07-12,113378.48406385502,120718.63865702765
2022-07-13,112938.08730108412,120251.46414845812
2022-07-14,111913.15467956271,119156.36056023334
2022-07-15,112888.1522323979,120194.54743440208
2022-07-18,112365.95833066148,119641.60625495455
2022-07-19,112204.32608066165,119489.2554115433
2022-07-20,112519.72741181238,119831.47181109857
2022-07-21,111733.98366290428,118962.64006264442
2022-07-22,112859.29759012617,120167.56083406202
2022-07-25,112212.53264225171,119476.71863652139
2022-07-26,112626.15742925912,119915.57052456426
2022-07-27,113654.07563149808,121003.82030939152
2022-07-28,113279.31496828463,120619.47571409847
2022-07-29,113215.69417103044,120560.63768035983
2022-08-01,113625.95003430334,120980.2949194298
2022-08-02,112183.19764217648,119449.6046771659
2022-08-03,111816.57833792281,119051.70401890663
2022-08-04,111004.15964134198,118174.91571724697
2022-08-05,111774.83154722364,118993.4679528435
2022-08-08,111612.78171692995,118828.74228823959
2022-08-09,112442.3703501276,119724.58542455173
2022-08-10,113326.35065308292,120675.69060414043
2022-08-11,112292.3057415467,119583.69635879793
2022-08-12,113427.68832819755,120795.74344321481
2022-08-15,113427.4388434228,120792.08698508849
2022-08-16,113532.62095829842,120905.81957737973
2022-08-17,114152.52927170419,121568.95914291812
2022-08-18,115430.27300805307,122932.1565771852
2022-08-19,116196.53410476673,123764.82492775409
2022-08-22,117098.11810465154,124731.7128262033
2022-08-23,116649.9383108127,124268.24492418885
2022-08-24,116762.90157721407,124403.67287193735
2022-08-25,116774.43177112381,124417.58617521923
2022-08-26,116157.85441430942,123750.97489403858
2022-08-29,116249.28732452911,123847.49927063753
2022-08-30,116219.16580654222,123806.85024165985
2022-08-31,116125.67240160685,123699.67113920405
2022-09-01,114630.85587102282,122109.60568063539
2022-09-02,114330.28357249981,121772.77886014793
2022-09-05,115662.19991483033,123195.21517952676
2022-09-06,115134.64552438218,122609.91255180506
2022-09-07,114064.84569070718,121469.67149818316
2022-09-08,115468.49646526025,122970.37461034991
2022-09-09,113977.27124210625,121373.15847529749
2022-09-12,113647.08073174117,121023.55182025701
2022-09-13,113559.46623961811,120935.63078415628
2022-09-14,113280.77625840869,120623.97181862494
2022-09-15,113609.76944355351,120959.10473882579
2022-09-16,113800.93958648978,121162.63999158089
2022-09-19,113251.45819027086,120557.76373224711
2022-09-20,114967.1019098149,122404.30058629352
2022-09-21,116024.99825928322,123529.9709285504
2022-09-22,115319.6444888174,122775.48277624596
2022-09-23,113797.27308798302,121128.19944124749
2022-09-26,113971.23935795913,121320.56010636016
2022-09-27,113688.65870636667,121005.79097608155
2022-09-28,114106.0543989363,121458.97741067973
2022-09-29,113860.42057610677,121201.71225437385
2022-09-30,114071.15096524704,121441.53238633636
2022-10-03,113379.58843242124,120685.94644809191
2022-10-04,112688.37563880882,119917.12120695686
2022-10-05,111279.85776240422,118420.76166035135
2022-10-06,110578.84803995727,117682.93931589487
2022-10-07,110425.93488856804,117531.63875865564
2022-10-10,109684.49099332522,116749.87515790157
2022-10-11,108894.94534352039,115909.98468723678
2022-10-12,109182.41514682848,116223.87475205377
2022-10-13,108415.82165311092,115394.97664535916
2022-10-14,109623.03599976448,116693.95867951523
2022-10-17,110435.41634433101,117562.52954365974
2022-10-18,111702.1263225652,118924.75750690543
2022-10-19,113682.67515968629,121066.30740704034
2022-10-20,113040.7906918674,120385.83402932575
2022-10-21,113405.04218544133,120772.3527983901
2022-10-24,112313.74425465413,119604.54711349623
2022-10-25,111904.57705711666,119148.0117770391
2022-10-26,112906.6833538257,120212.66130864489
2022-10-27,113574.31633279021,120923.46042641289
2022-10-28,114676.38810729723,122099.60088978325
2022-10-31,116520.4900994229,124076.10966561189
2022-11-01,116121.06369456284,123642.50921540134
2022-11-02,114361.67306087037,121770.8044348302
2022-11-03,114108.59572485057,121496.62962431337
2022-11-04,114300.53257386919,121699.99330753184
2022-11-07,114715.60811351077,122142.56914265237
2022-11-08,114507.36575621273,121924.70124476716
2022-11-09,113826.42612327509,121206.40807270048
2022-11-10,114035.13256234766,121420.5015900916
2022-11-11,113154.23057065303,120467.0879328327
2022-11-14,112260.11643577396,119503.58212823166
2022-11-15,111422.3140710161,118590.81890515263
2022-11-16,110458.91428180668,117551.03335050054
2022-11-17,108900.4669750726,115876.74136517989
2022-11-18,107781.32023031049,114684.58445429128
2022-11-21,108127.52153046282,115062.08105998239
2022-11-22,107779.17795619654,114688.43738310091
2022-11-23,109590.86939306039,116643.22809597131
2022-11-24,110386.80552671562,117497.36830265468
2022-11-25,110848.2012298687,117990.12843499804
2022-11-28,110442.9101636129,117552.50619449244
2022-11-29,111205.84916153716,118372.37111164842
2022-11-30,111162.8610320151,118320.76630497638
2022-12-01,110772.34326602508,118169.68742375405
2022-12-02,113343.03963441041,121126.4499736086
2022-12-05,114071.60710007144,121857.95213627421
2022-12-06,114812.21998324122,122299.10173180961
2022-12-07,113300.31390456889,120424.21467354128
2022-12-08,112877.49293225759,119900.45800904089
2022-12-09,113556.39571702913,120544.20618911015
2022-12-12,112991.5568203101,119951.4125467445
2022-12-13,114053.80751975728,120778.14397032127
2022-12-14,114908.19344566407,121549.74634215982
2022-12-15,114529.79090427113,121599.87163125572
2022-12-16,115411.50701792428,122388.8420452348
2022-12-19,116288.4573988897,123399.43031915929
2022-12-20,117654.95175609966,125300.31796652378
2022-12-21,117398.77972130504,125144.20692568687
2022-12-22,116773.14757808573,124549.8451148254
2022-12-23,116956.37869123057,124688.37850376475
2022-12-26,116553.86757968029,124173.60507564897
2022-12-27,116425.22214204428,123744.59538732625
2022-12-28,114822.35958583666,122382.39863744931
2022-12-29,114402.32843233927,122069.13049133438
2022-12-30,114832.73864913514,122551.08106898602
2023-01-02,114341.3337634179,122688.74335457158
2023-01-03,114926.54508951216,122779.5201815971
2023-01-04,114283.25248632656,123172.71564640441
2023-01-05,114572.79313888954,123161.25770850512
2023-01-06,115431.01420378713,123723.88872730991
2023-01-09,115878.36366955601,124218.59858804877
2023-01-10,115226.19421357944,123657.89431869394
2023-01-11,115714.75281537199,124562.00952927532
2023-01-12,115969.05910685686,125000.93434483082
2023-01-13,116469.1488947814,125534.97286188454
2023-01-16,116652.79892781063,125759.598199462
2023-01-17,116334.39921213144,125977.30266805952
2023-01-18,116363.14996751244,125862.11202180762
2023-01-19,116571.62846292403,126370.39642834151
2023-01-20,117246.23060634609,127545.41479662362
2023-01-23,117570.48393348107,127902.62780874832
2023-01-24,118184.89551965508,128891.21670038783
2023-01-25,118184.56997544781,128654.76973087242
2023-01-26,118433.98966016292,128589.14804700822
2023-01-27,120115.9448819876,130943.2135601265
2023-01-30,119836.91821582132,130368.32746516314
2023-01-31,119227.45279992494,129365.65625772401
2023-02-01,119244.28247139533,129263.62829991116
2023-02-02,120591.3998059202,130204.94167725422
2023-02-03,121074.66171298194,129084.73442690674
2023-02-06,122503.49079049533,129681.9200987671
2023-02-07,121830.72651147787,128836.17276581483
2023-02-08,119651.4733531173,128255.54068453805
2023-02-09,118565.02992157332,128204.47571851662
2023-02-10,118467.98755079176,128894.71897893104
2023-02-13,119149.68759561877,129811.7827522926
2023-02-14,120188.93085730192,130312.20070137209
2023-02-15,120105.08824489677,128880.01654464912
2023-02-16,120173.31194945468,127946.38355260626
2023-02-17,119462.26133604496,127614.49320777926
2023-02-20,119488.93634798758,128301.74168451419
2023-02-21,120433.29365685798,128735.29623981661
2023-02-22,120854.5761201258,128356.49694369288
2023-02-23,121667.04874390169,129182.35667501323
2023-02-24,123141.45888328846,131580.29006232158
2023-02-27,122396.24135828839,130333.4489797074
2023-02-28,122910.1454303305,130924.44087323127
2023-03-01,123666.40141384478,131328.17122878134
2023-03-02,123793.38496254386,131407.28766904798
2023-03-03,123872.5213960445,131652.97343930486
2023-03-06,123815.3736669433,131015.54867130924
2023-03-07,125523.51991977295,132286.13981510742
2023-03-08,125247.76569541925,131839.05079751738
2023-03-09,124159.88823969908,131059.31937030703
2023-03-10,123350.97390549994,130284.21582793634
2023-03-13,123809.41866692257,130807.76288069312
2023-03-14,124204.5605270032,131185.55129335524
2023-03-15,123871.60517528285,131033.90047992165
2023-03-16,125606.12572157464,132427.72943304607
2023-03-17,125196.10910457323,132209.29785992228
2023-03-20,125766.07431806669,133351.82055742218
2023-03-21,125936.71656397135,133878.42759034075
2023-03-22,126375.46332632148,133854.77199629633
2023-03-23,127049.58412090954,134795.39029505668
2023-03-24,126407.04083671086,134132.00521791636
2023-03-27,125540.17812128348,133963.96032590506
2023-03-28,124269.52472987486,132901.29597554952
2023-03-29,124224.60685621637,132982.7046782534
2023-03-30,124891.72197310429,133639.873149354
2023-03-31,125939.59820022839,135394.33813579095
2023-04-03,125520.63882465045,134987.23566342422
2023-04-04,124005.33446314774,133334.4933554669
2023-04-05,124168.16177208803,133505.0640373965
2023-04-06,123252.20237770681,132508.4307359764
2023-04-07,122519.89360397492,131712.02957631464
2023-04-10,123900.33515658046,133203.04527410094
2023-04-11,125361.68658914459,134776.9827839631
2023-04-12,124826.10969207893,134177.4589344178
2023-04-13,123474.12808099047,132709.02037054588
2023-04-14,124118.80023603272,133406.42069783085
2023-04-17,123959.4798177113,133229.91571558
2023-04-18,123934.31990010594,133212.98773981136
2023-04-19,124817.49707161167,134163.3920739927
2023-04-20,124583.54119894537,133918.4277880899
2023-04-21,126897.07677153882,136439.94161458555
2023-04-24,126942.86060580576,136476.60268625687
2023-04-25,125627.44285167033,135047.5738914146
2023-04-26,126216.88618503505,135679.54435951158
2023-04-27,126646.98860453638,136124.17857667487
2023-04-28,124445.5459813596,133732.0933139334
2023-05-01,124545.90856155822,133848.02188006384
2023-05-02,126656.54511244311,136154.1350222729
2023-05-03,126961.12277390735,136494.99408824265
2023-05-04,127253.11093163717,136809.3970070107
2023-05-05,125795.05277315155,135226.47789282957
2023-05-08,125315.63311749339,134716.68402843535
2023-05-09,127066.27400264781,136626.4523544356
2023-05-10,127962.28812891156,137597.69099798106
2023-05-11,127075.52562381137,136618.7344878795
2023-05-12,126782.58288277066,136286.01126647802
2023-05-15,127897.28087698753,137504.20007115495
2023-05-16,127668.66387186106,137260.55089025976
2023-05-17,128916.10142376945,138613.76760315595
2023-05-18,128125.2273482783,137743.3157407674
2023-05-19,126483.87800662832,135956.08832457685
2023-05-22,125509.02910838423,134903.77068637154
2023-05-23,126891.14676533797,136401.46731311732
2023-05-24,128775.90609974258,138441.31018825056
2023-05-25,129680.08922763758,139413.72493913257
2023-05-26,128631.96939959767,138271.91475105975
2023-05-29,129565.94028366238,139292.46227437133
2023-05-30,130451.19381768741,140249.36320681215
2023-05-31,129976.7796119386,139745.8515673631
2023-06-01,130517.33649012285,140322.98618324957
2023-06-02,131015.10623956782,140860.49418383156
2023-06-05,130688.87734566249,140511.04268996182
2023-06-06,131163.87337230062,141022.20282402707
2023-06-07,131266.69250505095,141130.5952071138
2023-06-08,133237.26574844786,143255.13915407722
2023-06-09,133468.1998424236,143503.9316492335
2023-06-12,134622.38002128754,144746.64591338826
2023-06-13,132389.8291025884,142348.49498272658
2023-06-14,132541.9178696685,142510.54811089952
2023-06-15,132288.32375632046,142237.73482344358
2023-06-16,131713.46945967458,141620.2857410487
2023-06-19,131777.3379535734,141686.57433492734
2023-06-20,132425.2041024434,142381.21298547936
2023-06-21,132342.92938437563,142289.32464278565
2023-06-22,131324.4897563897,141198.31668673246
2023-06-23,132234.02477881068,142178.1941809542
2023-06-26,132883.31235721166,142877.85592968468
2023-06-27,132477.46024779204,142438.3520706771
2023-06-28,132544.86822538878,142508.75596776587
2023-06-29,133440.76081344177,143472.90363673746
2023-06-30,134348.60753756657,144452.30954337292
2023-07-03,136541.23088538274,146807.55553575308
2023-07-04,137536.9870151167,147879.80450795658
2023-07-05,135921.9412172268,146142.9763551734
2023-07-06,136706.92585378524,146989.181387733
2023-07-07,136302.8267654097,146553.2733495721
2023-07-10,134534.704246069,144650.46733042292
2023-07-11,133941.0798402181,144016.1159764545
2023-07-12,135362.05243914647,145542.36309506453
2023-07-13,135446.56106167694,145631.85088729704
2023-07-14,134696.96905301526,144830.2194163116
2023-07-17,134157.91585730654,144253.44167014927
2023-07-18,134002.97129890707,144087.89784861088
2023-07-19,133623.90737913284,143683.05117656616
2023-07-20,133577.65184544312,143630.79517957073
2023-07-21,133694.10951424527,143758.26640922343
2023-07-24,135463.69950733735,145655.13119220853
2023-07-25,134853.28106886253,145006.5893483616
2023-07-26,135796.29889865094,146024.64559035472
2023-07-27,135988.4222086204,146227.17226423707
2023-07-28,134565.5535483701,144694.04075183865
2023-07-31,133676.9465289304,143737.5089461562
2023-08-01,133833.08881945713,143906.1139680418
2023-08-02,132706.33874351488,142694.80048537249
2023-08-03,132329.79824711944,142293.17456007592
2023-08-04,134262.526425173,144370.5362520321
2023-08-07,134280.83107037452,144390.0180886582
2023-08-08,134525.77647337448,144654.61358063272
2023-08-09,133199.13695645408,143228.27601407634
2023-08-10,133326.70796646926,143369.4938962966
2023-08-11,132696.91050825326,142691.94762092855
2023-08-14,133145.12374853247,143176.7882260907
2023-08-15,133655.5594513929,143729.445838204
2023-08-16,133580.6519499383,143643.29991870368
2023-08-17,132480.78184726453,142461.27580277747
2023-08-18,132973.48731536992,142993.1297810983
2023-08-21,134541.2792402038,144679.16086947746
2023-08-22,134597.21078534253,144737.64512060038
2023-08-23,133964.5307076722,144055.87333854087
2023-08-24,133971.25112967915,144066.1003593519
2023-08-25,133394.66317155576,143447.4568601412
2023-08-28,133993.563261498,144088.39983871562
2023-08-29,134993.25033776797,145157.69583661298
2023-08-30,135214.4283313501,145397.11671904946
2023-08-31,135195.15752558009,145379.30893797672
2023-09-01,134448.8293090471,144578.30089160736
2023-09-04,134911.8649616969,145076.7651019138
2023-09-05,135487.4089957946,145694.8102675088
2023-09-06,134442.20269656528,144571.3965387221
2023-09-07,135241.32515729824,145430.0015557415
2023-09-08,135148.34604403438,145330.82571584388
2023-09-11,135370.12794014998,145570.84539422113
2023-09-12,135015.7924584621,145189.32620679104
2023-09-13,135581.49982802058,145797.39476087334
2023-09-14,135916.51700218732,146156.32817622065
2023-09-15,136782.31065985144,147086.91323309432
2023-09-18,137317.70899496073,147662.6878744965
2023-09-19,137106.00179095677,147434.63331988928
2023-09-20,137175.9579285455,147511.10409082516
2023-09-21,136144.8045666409,146403.7080635087
2023-09-22,137656.94664943923,148030.64584635125
2023-09-25,137980.7048086918,148377.73753761462
2023-09-26,137629.57416129045,148001.29347366278
2023-09-27,135405.5023633708,145607.82551447029
2023-09-28,134004.4695326119,144101.46811075244
2023-09-29,131957.09702928647,141900.10402718786
2023-10-02,131893.1023709434,141831.3525713786
2023-10-03,132545.54223141275,142532.07247834446
2023-10-04,133807.34479216413,143888.67603764264
2023-10-05,133886.49906119882,143974.2243154398
2023-10-06,133927.54416850227,144018.78259115783
2023-10-09,133585.7976681731,143651.85849732248
2023-10-10,134285.31388489818,144404.95762345093
2023-10-11,133423.6653958315,143479.45796231684
2023-10-12,133862.95950328058,143950.78578098214
2023-10-13,133932.43838875793,144026.25929569977
2023-10-16,134559.14813111484,144700.110841456
2023-10-17,135046.70779232617,145223.68002138927
2023-10-18,135237.41272012482,145428.81417486863
2023-10-19,134092.15658170872,144197.52065111257
2023-10-20,134521.20269299194,144659.01827610165
2023-10-23,134181.28658711788,144294.34679560826
2023-10-24,134152.7150556982,144264.27954955763
2023-10-25,132635.5963145985,142632.91230462395
2023-10-26,133600.24588385742,143669.9658215756
2023-10-27,134931.68901106733,145102.2372058192
2023-10-30,134317.72863302846,144441.94553466013
2023-10-31,133294.06448037468,143341.97454109346
2023-11-01,134866.284594115,145205.94888356086
2023-11-02,135437.56036773988,146080.47981325033
2023-11-03,134884.84831029427,145716.8488986506
2023-11-06,135006.06501370962,146613.61138522264
2023-11-07,136093.74900019576,147953.43270680457
2023-11-08,136520.14874524545,148051.8285543152
2023-11-09,137858.73556773824,148670.39022319374
2023-11-10,137331.58807429488,148438.98809087783
2023-11-13,139665.3098882572,150510.3653584902
2023-11-14,139598.14600213466,150594.90328592967
2023-11-15,140076.0844163016,150853.24199335452
2023-11-16,140768.24182143895,151738.761334699
2023-11-17,140754.27488147726,151965.61479529462
2023-11-20,140018.53623469008,150747.9365710969
2023-11-21,141343.428841544,152142.70226845914
2023-11-22,141418.0398478578,152296.16084794543
2023-11-23,141403.97249269747,151901.05344068608
2023-11-24,141262.54300820644,152070.5626358078
2023-11-27,140774.8868281468,151665.22445741904
2023-11-28,140912.37143190694,152199.106266304
2023-11-29,142494.63041666,153886.38550076936
2023-11-30,141293.33912799144,152415.67001392652
2023-12-01,141072.54918121308,152169.20541932085
2023-12-04,142414.3898636833,153670.79427256636
2023-12-05,143072.75186069787,154434.88259226465
2023-12-06,143630.80613867368,155033.37123519898
2023-12-07,143686.7985177275,155093.34911277285
2023-12-08,143667.50732649738,155018.62505723996
2023-12-11,143053.48081513034,154354.42686928343
2023-12-12,143177.0958229506,154512.0994709105
2023-12-13,143863.06645092877,155271.9410455562
2023-12-14,142594.27754456384,153904.29688544592
2023-12-15,141953.05167089487,153222.11783287255
2023-12-18,141131.1367951967,152348.77734086986
2023-12-19,140869.8234771273,152038.20102689022
2023-12-20,142459.84914816497,153799.02668054562
2023-12-21,142625.00810317145,153979.99815993494
2023-12-22,142303.16769576023,153636.15861677332
2023-12-25,143006.6077208235,154379.586806227
2023-12-26,142476.04919389193,153743.0920270153
2023-12-27,143695.92353224393,155119.85106657507
2023-12-28,143489.78208298996,154875.53539619653
2023-12-29,143647.27169040515,155030.81856832516
2024-01-01,143390.0580859584,154781.83675131074
2024-01-02,143900.63252209921,155316.85774061718
2024-01-03,144702.84871377278,156234.53608616034
2024-01-04,144954.65346747788,156539.5868727932
2024-01-05,143511.84503064706,154993.84245211104
2024-01-08,144321.08238047396,155834.1957721571
2024-01-09,146061.05727409796,157775.26064040783
2024-01-10,144894.62780763028,156524.08986481882
2024-01-11,144045.65519671844,155602.40817681907
2024-01-12,145400.8158775893,157077.1070096939
2024-01-15,144457.52872263317,155996.64834502034
2024-01-16,146403.4312391639,158103.25547472632
2024-01-17,146666.50255861305,158340.54590330677
2024-01-18,146423.92252669198,158029.11139092923
2024-01-19,146192.7184423764,157739.41638649223
2024-01-22,145665.41457494258,157220.31092656564
2024-01-23,144366.283333923,155793.75308841682
2024-01-24,144556.90598772085,156067.99500466805
2024-01-25,144032.28315229792,155447.60296750296
2024-01-26,143527.664724811,154857.60057242418
2024-01-29,142335.43676613763,153513.039505692
2024-01-30,141031.46181638204,152149.80595297326
2024-01-31,140756.82912159082,151834.18811280048
2024-02-01,140676.57616241905,151948.49989298376
2024-02-02,141836.75687676857,153100.8048814701
2024-02-05,142193.635650103,153666.73413198846
2024-02-06,143469.26783240825,154640.45683558114
2024-02-07,145754.25977508543,156273.53274845003
2024-02-08,146908.38936019555,157522.36936643955
2024-02-09,145552.68367215642,156569.05297750013
2024-02-12,144354.60095160658,155780.41274927842
2024-02-13,146135.65299975555,157789.4676639638
2024-02-14,144860.5274596671,156483.7841128633
2024-02-15,144203.76463217547,156834.66734348098
2024-02-16,144753.22887155536,157390.78794644505
2024-02-19,146238.47849715833,159405.5408372993
2024-02-20,145052.9517932056,158072.63651229523
2024-02-21,144507.79522048312,157902.03150251578
2024-02-22,144532.51488511046,158263.3365478266
2024-02-23,143668.63008074637,158018.15504357225
2024-02-26,146204.3062357498,160832.67002215155
2024-02-27,146235.9616361906,160814.86800665836
2024-02-28,146775.99543008555,161922.73186669982
2024-02-29,146739.85963648633,162017.76216097886
2024-03-01,145057.52907312365,160029.98178068412
2024-03-04,145495.39052023893,160787.29998684025
2024-03-05,146308.31744944063,161741.95132181194
2024-03-06,146248.20678986842,161546.4330724965
2024-03-07,147228.54989610778,162146.8482284799
2024-03-08,147271.62310105443,162425.3803285298
2024-03-11,146210.0331469387,161140.4567658605
2024-03-12,146605.40824368875,161332.62547531456
2024-03-13,148657.54903387366,163220.20662020834
2024-03-14,149280.84757570594,163006.91941365122
2024-03-15,148002.7804794621,161842.22331923462
2024-03-18,148370.17297157328,161954.8433937842
2024-03-19,148175.04436200933,162166.97097456214
2024-03-20,148386.46345782236,161995.9680867809
2024-03-21,146330.35158924037,159978.1596472907
2024-03-22,148501.65997019332,162299.24091507102
2024-03-25,147732.86442223485,160716.48075796623
2024-03-26,149298.6671981724,162407.3166362401
2024-03-27,149638.63630987526,163392.551488611
2024-03-28,150139.4785958017,164511.6845732318
2024-03-29,149700.63828390415,163764.54747110448
2024-04-01,149636.37339778914,163153.32699799503
2024-04-02,152611.1477461865,166176.99615110364
2024-04-03,152645.70171885748,165497.42036318005
2024-04-04,151643.52904240444,165011.04857187305
2024-04-05,152073.22673827645,165593.6645407556
2024-04-08,153257.97928044398,166920.144459217
2024-04-09,153355.83065983196,166784.43804892644
2024-04-10,153031.55522255742,166709.62265749768
2024-04-11,156214.16003135027,169914.6579357396
2024-04-12,156597.58732301826,170610.70738546763
2024-04-15,156315.54533167952,169958.88272553627
2024-04-16,156409.7708838712,169977.43812503325
2024-04-17,157673.19965083335,171766.28059026934
2024-04-18,159561.10343119633,173921.96160275614
2024-04-19,158474.35663943453,172744.72465418052
2024-04-22,159050.50234861387,173522.378460508
2024-04-23,160917.0445036806,175378.23258527077
2024-04-24,160640.8949734476,175075.27475200695
2024-04-25,160186.51553762142,174696.53339341548
2024-04-26,160342.45434673093,174485.56020207074
2024-04-29,159519.82814938322,173949.25615143147
2024-04-30,160004.18055465037,174427.81275960873
2024-05-01,161852.5336744372,176351.70454211993
2024-05-02,161222.1736822024,175668.46333518
2024-05-03,161816.0626203369,176355.8617722114
2024-05-06,162930.80502997938,177589.51698746518
2024-05-07,161777.77746988417,176317.38793357107
2024-05-08,163077.42027950136,177746.1459700201
2024-05-09,164129.01955732476,178818.48461264212
2024-05-10,163324.89087247214,177956.52085238256
2024-05-13,163103.7822694835,177786.11958066202
2024-05-14,161444.10032357826,175941.89614194544
2024-05-15,161183.26045797687,175612.99782426734
2024-05-16,163196.56766654368,177827.26164261636
2024-05-17,163172.5146375093,177848.74117226453
2024-05-20,163867.42897433994,178581.6345993619
2024-05-21,163535.46314920968,178182.4133420913
2024-05-22,163650.0596590578,178223.66111585603
2024-05-23,163515.42558527732,178087.8666925224
2024-05-24,161921.5321460965,176426.0310832375
2024-05-27,161959.53511318623,176484.83253580207
2024-05-28,161485.1317575264,175976.5551697559
2024-05-29,160515.7753501496,174926.48931641836
2024-05-30,158943.89206315763,173200.06224284635
2024-05-31,159931.2644420825,174252.18999790482
2024-06-03,159612.68922020012,173901.15338405088
2024-06-04,160425.15960089344,174780.65745779275
2024-06-05,160923.3099647905,175317.11999556926
2024-06-06,158973.66719513523,173195.9133046686
2024-06-07,160850.69730775975,175227.45718323492
2024-06-10,160703.8571229018,175070.07837660544
2024-06-11,160825.28011189512,175199.4054640673
2024-06-12,159837.9254081001,174130.98819291446
2024-06-13,160250.286979072,174577.70327644833
2024-06-14,160579.34965049586,174942.6001277197
2024-06-17,159824.02128694567,174119.86901614984
2024-06-18,161409.02637203707,175847.75240618
2024-06-19,163769.9017254463,178408.92597334075
2024-06-20,165427.54466713977,180202.70896360654
2024-06-21,167802.0779226209,182790.24821695703
2024-06-24,165696.12701412826,180503.13208919985
2024-06-25,167395.85218181738,182353.96311609587
2024-06-26,169400.36136645213,184534.19958659192
2024-06-27,171001.70938343348,186272.218529002
2024-06-28,172763.10057944927,188182.70233600703
2024-07-01,170816.28211862248,186070.75678384423
2024-07-02,170524.70892866343,185750.8502150429
2024-07-03,168500.46298426497,183546.14445176587
2024-07-04,167175.43917812075,182098.51053503712
2024-07-05,167624.40996863923,182573.84713954796
2024-07-08,168519.50943121425,183556.41290506424
2024-07-09,168095.63659486294,183097.8997926826
2024-07-10,169162.09543825683,184254.51613335477
2024-07-11,171038.2220586033,186293.25988396778
2024-07-12,168430.99609139425,183449.98320386923
2024-07-15,167618.13389154096,182569.12069822327
2024-07-16,168336.18315235173,183356.54243308707
2024-07-17,168732.1491820897,183791.11743204287
2024-07-18,167546.8359612974,182507.56108601938
2024-07-19,167680.0612820686,182656.60035224998
2024-07-22,169203.52079285172,184301.39086215256
2024-07-23,169459.6762756175,184584.52112756806
2024-07-24,169636.6252240701,184769.82986543566
2024-07-25,168942.8940801269,184018.13138068403
2024-07-26,169190.67184799694,184283.7565406068
2024-07-29,170136.15952536388,185306.06716487696
2024-07-30,170530.67552961718,185734.86484843775
2024-07-31,170692.39862717333,185906.12663762073
2024-08-01,171012.02774178277,186247.8355539568
2024-08-02,173138.92862037878,188564.1236911539
2024-08-05,173292.40790449618,188733.22858693555
2024-08-06,174190.77843418356,189709.23899934802
2024-08-07,175020.0942958281,190611.91438575392
2024-08-08,175224.16092924823,190821.35624722444
2024-08-09,177528.2674974583,193320.31828573527
2024-08-12,175706.99963025923,191348.5268056783
2024-08-13,175290.634556544,190897.84328420938
2024-08-14,175564.24527297664,191191.59360782593
2024-08-15,174584.76187870983,190120.63566936832
2024-08-16,175155.30529531892,190740.33089171737
2024-08-19,174392.17639145814,189913.39310418005
2024-08-20,176451.0750827444,192146.9940055595
2024-08-21,175666.62851509548,191291.68842705918
2024-08-22,175956.03909693693,191609.05036866418
2024-08-23,176160.18315921864,191842.51009237685
2024-08-26,177331.56085107833,193109.33389416322
2024-08-27,175949.46277735208,191614.42910337317
2024-08-28,175897.48244268866,191554.45631014532
2024-08-29,176932.0717374546,192664.87699827857
2024-08-30,177996.84664772527,193817.12606901
2024-09-02,177000.94435241542,192734.6869689533
2024-09-03,179402.2705677497,195339.99357007715
2024-09-04,180562.82102908439,196607.13721444816
2024-09-05,181037.76757038254,197120.78869620975
2024-09-06,180169.9576782277,196167.96942401343
2024-09-09,179847.4377770337,195808.72683334275
2024-09-10,179163.34616026838,195067.239292458
2024-09-11,179033.94462411146,194925.17629307206
2024-09-12,178684.72298932233,194546.08537910553
2024-09-13,178371.26111696239,194204.66396330384
2024-09-16,177372.12907533682,193116.9230533248
2024-09-17,178238.73529192232,194059.82366096386
2024-09-18,176942.5277383738,192657.60697099072
2024-09-19,176403.9499522779,192068.8024255515
2024-09-20,177017.69143465822,192735.69257947055
2024-09-23,177552.05952434638,193309.72576325777
2024-09-24,177657.67908695043,193432.74841828644
2024-09-25,176689.0970248838,192380.4060656639
2024-09-26,177058.00513894696,192781.57437380153
2024-09-27,177185.42963171552,192923.64323125267
2024-09-30,177429.5885718001,193192.60544710094
2024-10-01,179869.86129031345,194774.30045149647
2024-10-02,178981.87043778182,193211.6177708484
2024-10-03,179238.11670585725,193985.58785176757
2024-10-04,180003.01513085252,194793.43288151766
2024-10-07,179942.18693199827,194162.63683563465
2024-10-08,180729.9168966268,194110.89982360188
2024-10-09,180171.21401174806,194248.0128151662
2024-10-10,178331.28227920702,193005.26764431383
2024-10-11,177188.76226915093,191159.15564883998
2024-10-14,178373.1748583184,191784.54904553923
2024-10-15,179227.6432107637,193383.60736597254
2024-10-16,180535.47910856473,194428.34617881
2024-10-17,180565.3511358481,195654.5788972128
2024-10-18,179762.50473617116,194695.0224302251
2024-10-21,178956.75232909305,193947.16341846023
2024-10-22,178894.58498567116,193177.83206573088
2024-10-23,177088.1718493882,191708.21586908412
2024-10-24,177444.30332086288,192110.49031331282
2024-10-25,176728.36163427462,191426.09037807118
2024-10-28,176918.38428329764,191341.58772031264
2024-10-29,176522.58536884483,191283.3378890398
2024-10-30,178121.57572288226,193012.0686732919
2024-10-31,177118.45606833958,192199.27343031715
2024-11-01,175667.16749848673,192089.45735456047
2024-11-04,176009.91534006625,192444.95791846706
2024-11-05,177571.1864525021,192796.87844481636
2024-11-06,176945.5934435612,192163.1565800464
2024-11-07,175391.29586116763,191040.49419314534
2024-11-08,173829.1820393435,190777.4290602526
2024-11-11,173713.8492710221,190853.50126936188
2024-11-12,176548.1705005216,191783.8676521722
2024-11-13,175680.38662135287,194184.76657215934
2024-11-14,176357.12307844948,194604.39467451232
2024-11-15,177210.2102759127,194684.0086254748
2024-11-18,177415.66209847917,196393.16690546254
2024-11-19,177592.71783806276,195190.51849810788
2024-11-20,176993.08715992188,194081.43635799372
2024-11-21,178971.40924767515,196403.64371832454
2024-11-22,178544.04621602732,194380.5320712428
2024-11-25,180427.08872847757,195371.75903378034
2024-11-26,179700.53468822796,195821.04574036266
2024-11-27,180337.9202888403,196815.73948507686
2024-11-28,180679.95531510643,197946.6015093128
2024-11-29,181845.88312604185,199574.81210147176
2024-12-02,181862.8703975057,200773.1967919756
2024-12-03,180736.73183892271,199575.8659004107
2024-12-04,181508.61866065732,200649.85435501137
2024-12-05,180747.26649287128,200866.64110199205
2024-12-06,181599.5554589143,202273.52844020652
2024-12-09,180829.02901175746,200706.7739639653
2024-12-10,182495.8725638867,199913.19950972634
2024-12-11,181450.69520553798,199445.6168587616
2024-12-12,182959.19340497887,201600.3758964021
2024-12-13,183092.21637132365,201857.77651563112
2024-12-16,183643.0811937834,203496.4638838701
2024-12-17,183636.00317967415,202173.1516669886
2024-12-18,183077.62817026037,201970.87802446913
2024-12-19,183924.45598432916,204105.8798027369
2024-12-20,182030.03013414587,203539.79629117862
2024-12-23,182883.72968591022,204241.89004203584
2024-12-24,183939.42093080666,205758.6146614366
2024-12-25,185530.72342577088,207378.0727467293
2024-12-26,187911.25148413685,208562.97024237193
2024-12-27,186925.54894399646,208464.56400028762
2024-12-30,187072.9611299081,209960.45325424423
2024-12-31,185589.27416613928,208262.47640585827
